DATE,Dollar
2021-08-13,113.337
2021-08-12,113.5594
2021-08-11,113.5692
2021-08-10,113.7842
2021-08-09,113.7412
2021-08-06,113.594
2021-08-05,113.0441
2021-08-04,113.1738
2021-08-03,113.0927
2021-08-02,112.9353
2021-07-30,112.9415
2021-07-29,112.7446
2021-07-28,113.4514
2021-07-27,113.4836
2021-07-26,113.499
2021-07-23,113.7272
2021-07-22,113.7583
2021-07-21,113.6826
2021-07-20,114.0437
2021-07-19,113.8301
2021-07-16,113.3233
2021-07-15,113.2859
2021-07-14,113.1537
2021-07-13,113.2899
2021-07-12,113.0385
2021-07-09,113.12
2021-07-08,113.3602
2021-07-07,113.4002
2021-07-06,113.2447
2021-07-02,112.8352
2021-07-01,113.0361
2021-06-30,112.8458
2021-06-29,112.5359
2021-06-28,112.2977
2021-06-25,112.2401
2021-06-24,112.5972
2021-06-23,112.6483
2021-06-22,113.1898
2021-06-21,113.1156
2021-06-18,113.3338
2021-06-17,112.865
2021-06-16,111.3923
2021-06-15,111.6357
2021-06-14,111.2451
2021-06-11,111.3778
2021-06-10,110.8153
2021-06-09,110.8415
2021-06-08,110.9145
2021-06-07,110.7733
2021-06-04,111.0165
2021-06-03,111.4565
2021-06-02,110.8458
2021-06-01,110.7742
2021-05-28,111.0328
2021-05-27,111.1401
2021-05-26,111.1343
2021-05-25,111.0967
2021-05-24,111.1643
2021-05-21,111.3116
2021-05-20,111.1039
2021-05-19,111.1253
2021-05-18,111.0794
2021-05-17,111.3277
2021-05-14,111.3976
2021-05-13,111.8665
2021-05-12,111.8296
2021-05-11,111.1432
2021-05-10,111.0522
2021-05-07,111.2857
2021-05-06,112.1162
2021-05-05,112.4315
2021-05-04,112.5783
2021-05-03,112.2829
2021-04-30,112.3765
2021-04-29,112.0222
2021-04-28,112.0658
2021-04-27,112.1862
2021-04-26,112.0805
2021-04-23,112.3566
2021-04-22,112.5029
2021-04-21,112.4472
2021-04-20,112.5009
2021-04-19,112.4497
2021-04-16,112.7637
2021-04-15,112.9025
2021-04-14,113.0666
2021-04-13,113.3255
2021-04-12,113.4737
2021-04-09,113.4969
2021-04-08,113.3783
2021-04-07,113.539
2021-04-06,113.4387
2021-04-05,113.6831
2021-04-02,114.0361
2021-04-01,114.0409
2021-03-31,114.1322
2021-03-30,114.5102
2021-03-29,114.2298
2021-03-26,114.0365
2021-03-25,114.2962
2021-03-24,113.9455
2021-03-23,113.5714
2021-03-22,113.2841
2021-03-19,113.2534
2021-03-18,113.0517
2021-03-17,113.4499
2021-03-16,113.2713
2021-03-15,113.4853
2021-03-12,113.3063
2021-03-11,113.1968
2021-03-10,113.8724
2021-03-09,114.2238
2021-03-08,114.571
2021-03-05,114.0559
2021-03-04,112.9834
2021-03-03,113.0483
2021-03-02,112.813
2021-03-01,112.8068
2021-02-26,113.1068
2021-02-25,112.1838
2021-02-24,111.978
2021-02-23,112.151
2021-02-22,112.1721
2021-02-19,111.9693
2021-02-18,112.4323
2021-02-17,112.3023
2021-02-16,112.066
2021-02-12,111.7576
2021-02-11,111.7958
2021-02-10,111.8468
2021-02-09,112.0351
2021-02-08,112.3134
2021-02-05,112.5117
2021-02-04,113.0323
2021-02-03,112.5379
2021-02-02,112.5706
2021-02-01,112.6987
2021-01-29,112.2242
2021-01-28,112.2713
2021-01-27,112.342
2021-01-26,111.9104
2021-01-25,112.1316
2021-01-22,111.8095
2021-01-21,111.4557
2021-01-19,111.7092
2021-01-15,111.7679
2021-01-14,111.4001
2021-01-13,111.6127
2021-01-12,111.809
2021-01-11,112.0953
2021-01-08,111.5446
2021-01-07,111.5648
2021-01-06,111.1049
2021-01-05,111.2061
2021-01-04,111.4676
2020-12-31,111.5527
2020-12-30,111.5467
2020-12-29,111.7571
2020-12-28,112.231
2020-12-23,112.2227
2020-12-22,112.4409
2020-12-21,112.1827
2020-12-18,111.8389
2020-12-17,111.4428
2020-12-16,111.9528
2020-12-15,112.1023
2020-12-14,112.4228
2020-12-11,112.3878
2020-12-10,112.2216
2020-12-09,112.2757
2020-12-08,112.1023
2020-12-07,112.0768
2020-12-04,112.017
2020-12-03,112.2579
2020-12-02,112.8644
2020-12-01,113.0557
2020-11-30,113.4909
2020-11-25,113.4376
2020-11-24,113.6918
2020-11-23,114.0253
2020-11-20,113.7538
2020-11-19,113.958
2020-11-18,113.7283
2020-11-17,113.9608
2020-11-16,114.1103
2020-11-13,114.531
2020-11-12,114.5712
2020-11-10,114.3483
2020-11-09,114.3625
2020-11-06,114.2765
2020-11-05,114.7554
2020-11-04,115.4745
2020-11-03,115.7966
2020-11-02,116.5727
2020-10-30,116.4683
2020-10-29,116.643
2020-10-28,116.1193
2020-10-27,115.3074
2020-10-26,115.5795
2020-10-23,115.3091
2020-10-22,115.4127
2020-10-21,115.2139
2020-10-20,115.5556
2020-10-19,115.7098
2020-10-16,116.078
2020-10-15,116.4134
2020-10-14,115.9902
2020-10-13,116.2146
2020-10-09,115.5746
2020-10-08,116.4657
2020-10-07,116.6513
2020-10-06,116.5648
2020-10-05,116.4749
2020-10-02,117.0416
2020-10-01,117.0368
2020-09-30,117.2618
2020-09-29,117.8568
2020-09-28,117.9435
2020-09-25,118.1905
2020-09-24,117.8573
2020-09-23,117.5662
2020-09-22,116.8392
2020-09-21,116.6627
2020-09-18,115.4889
2020-09-17,115.6851
2020-09-16,115.5991
2020-09-15,115.8398
2020-09-14,115.8891
2020-09-11,116.3414
2020-09-10,116.1282
2020-09-09,116.375
2020-09-08,116.7157
2020-09-04,116.2676
2020-09-03,116.3044
2020-09-02,116.2711
2020-09-01,115.8031
2020-08-31,116.0063
2020-08-28,116.1841
2020-08-27,116.9201
2020-08-26,116.8967
2020-08-25,117.0923
2020-08-24,117.1816
2020-08-21,117.3256
2020-08-20,117.0834
2020-08-19,116.8223
2020-08-18,116.8187
2020-08-17,117.0104
2020-08-14,117.1945
2020-08-13,117.3842
2020-08-12,117.5319
2020-08-11,117.6454
2020-08-10,117.8521
2020-08-07,117.8948
2020-08-06,117.2969
2020-08-05,117.1295
2020-08-04,118.0501
2020-08-03,118.0667
2020-07-31,117.4439
2020-07-30,117.6306
2020-07-29,117.4352
2020-07-28,117.5406
2020-07-27,117.6119
2020-07-24,118.3721
2020-07-23,118.2989
2020-07-22,118.3706
2020-07-21,118.6523
2020-07-20,119.3195
2020-07-17,119.398
2020-07-16,119.1894
2020-07-15,119.2988
2020-07-14,119.6751
2020-07-13,119.4628
2020-07-10,119.6251
2020-07-09,119.7984
2020-07-08,119.8432
2020-07-07,119.8571
2020-07-06,119.5583
2020-07-02,120.1293
2020-07-01,120.3688
2020-06-30,120.7806
2020-06-29,120.9825
2020-06-26,120.84
2020-06-25,120.5907
2020-06-24,120.254
2020-06-23,119.5773
2020-06-22,120.0137
2020-06-19,120.4987
2020-06-18,120.4938
2020-06-17,120.1662
2020-06-16,119.8063
2020-06-15,120.2113
2020-06-12,119.9045
2020-06-11,119.4767
2020-06-10,118.7273
2020-06-09,118.7803
2020-06-08,118.8464
2020-06-05,118.9991
2020-06-04,119.5029
2020-06-03,119.4463
2020-06-02,119.8986
2020-06-01,120.5006
2020-05-29,121.1961
2020-05-28,121.2535
2020-05-27,121.8104
2020-05-26,121.6367
2020-05-22,122.6145
2020-05-21,122.3933
2020-05-20,122.4192
2020-05-19,122.8967
2020-05-18,123.1281
2020-05-15,123.9665
2020-05-14,124.0193
2020-05-13,123.9191
2020-05-12,123.4178
2020-05-11,123.5887
2020-05-08,122.8687
2020-05-07,123.4701
2020-05-06,123.9603
2020-05-05,123.1318
2020-05-04,123.5655
2020-05-01,123.5068
2020-04-30,122.6491
2020-04-29,123.0892
2020-04-28,123.7119
2020-04-27,124.2471
2020-04-24,124.5302
2020-04-23,124.1041
2020-04-22,124.2731
2020-04-21,124.2542
2020-04-20,123.4234
2020-04-17,123.1803
2020-04-16,123.779
2020-04-15,123.3921
2020-04-14,122.399
2020-04-13,122.8161
2020-04-10,122.4474
2020-04-09,122.7669
2020-04-08,123.5304
2020-04-07,123.4167
2020-04-06,124.4982
2020-04-03,124.7604
2020-04-02,123.9055
2020-04-01,124.1125
2020-03-31,122.8165
2020-03-30,123.5999
2020-03-27,122.6878
2020-03-26,122.7066
2020-03-25,125.143
2020-03-24,125.8805
2020-03-23,126.5236
2020-03-20,125.276
2020-03-19,125.4168
2020-03-18,124.5194
2020-03-17,122.7976
2020-03-16,121.2149
2020-03-13,120.6724
2020-03-12,120.7311
2020-03-11,118.4291
2020-03-10,118.0727
2020-03-09,117.3353
2020-03-06,116.8384
2020-03-05,116.91
2020-03-04,116.8862
2020-03-03,116.5767
2020-03-02,116.9083
2020-02-28,117.7464
2020-02-27,117.4354
2020-02-26,117.4554
2020-02-25,117.2799
2020-02-24,117.4403
2020-02-21,117.0806
2020-02-20,117.2889
2020-02-19,116.8193
2020-02-18,116.633
2020-02-14,116.4476
2020-02-13,116.4335
2020-02-12,116.3182
2020-02-11,116.4006
2020-02-10,116.6098
2020-02-07,116.5423
2020-02-06,116.1858
2020-02-05,116.0372
2020-02-04,115.9542
2020-02-03,116.14
2020-01-31,115.7734
2020-01-30,115.8453
2020-01-29,115.7383
2020-01-28,115.7651
2020-01-27,115.8516
2020-01-24,115.5998
2020-01-23,115.5919
2020-01-22,115.2673
2020-01-21,115.2304
2020-01-17,115.1189
2020-01-16,115.0496
2020-01-15,115.0001
2020-01-14,115.0695
2020-01-13,115.0775
2020-01-10,115.0915
2020-01-09,115.2575
2020-01-08,115.1403
2020-01-07,115.1616
2020-01-06,114.9566
2020-01-03,114.9904
2020-01-02,114.9799
2019-12-31,114.6724
2019-12-30,114.9663
2019-12-27,115.2231
2019-12-26,115.6368
2019-12-23,115.8082
2019-12-20,115.762
2019-12-19,115.6017
2019-12-18,115.6645
2019-12-17,115.5582
2019-12-16,115.5585
2019-12-13,115.7006
2019-12-12,115.878
2019-12-11,116.1522
2019-12-10,116.2587
2019-12-09,116.3326
2019-12-06,116.5427
2019-12-05,116.3895
2019-12-04,116.6976
2019-12-03,116.8951
2019-12-02,116.97
2019-11-29,117.1249
2019-11-27,117.1318
2019-11-26,117.0559
2019-11-25,117.0138
2019-11-22,116.9175
2019-11-21,116.748
2019-11-20,116.8327
2019-11-19,116.5433
2019-11-18,116.3664
2019-11-15,116.4431
2019-11-14,116.8051
2019-11-13,116.8422
2019-11-12,116.5857
2019-11-08,116.3456
2019-11-07,116.1196
2019-11-06,116.1033
2019-11-05,116.1167
2019-11-04,115.8661
2019-11-01,115.7345
2019-10-31,115.916
2019-10-30,116.167
2019-10-29,115.9832
2019-10-28,116.0253
2019-10-25,116.0801
2019-10-24,116.1308
2019-10-23,116.0623
2019-10-22,115.9892
2019-10-21,116.0481
2019-10-18,116.139
2019-10-17,116.266
2019-10-16,116.6469
2019-10-15,116.815
2019-10-11,116.8287
2019-10-10,117.2843
2019-10-09,117.6873
2019-10-08,117.7437
2019-10-07,117.5572
2019-10-04,117.5329
2019-10-03,117.6659
2019-10-02,117.9723
2019-10-01,117.9644
2019-09-30,117.9511
2019-09-27,117.7268
2019-09-26,117.7313
2019-09-25,117.6568
2019-09-24,117.2269
2019-09-23,117.3026
2019-09-20,117.1858
2019-09-19,117.0905
2019-09-18,116.9803
2019-09-17,116.9863
2019-09-16,117.0277
2019-09-13,116.771
2019-09-12,116.8408
2019-09-11,117.3154
2019-09-10,117.0919
2019-09-09,117.064
2019-09-06,117.1324
2019-09-05,117.4818
2019-09-04,117.6767
2019-09-03,118.3152
2019-08-30,118.1629
2019-08-29,118.0691
2019-08-28,117.8829
2019-08-27,117.7564
2019-08-26,117.6719
2019-08-23,117.3064
2019-08-22,117.36
2019-08-21,117.1799
2019-08-20,117.376
2019-08-19,117.3922
2019-08-16,117.0806
2019-08-15,117.2263
2019-08-14,117.0944
2019-08-13,116.7306
2019-08-12,116.7593
2019-08-09,116.445
2019-08-08,116.4778
2019-08-07,116.8036
2019-08-06,116.6946
2019-08-05,116.5889
2019-08-02,116.1869
2019-08-01,116.0495
2019-07-31,115.4941
2019-07-30,115.6213
2019-07-29,115.5886
2019-07-26,115.5447
2019-07-25,115.2984
2019-07-24,115.2436
2019-07-23,115.2996
2019-07-22,115.0024
2019-07-19,114.8698
2019-07-18,114.8749
2019-07-17,114.8829
2019-07-16,115.0122
2019-07-15,114.6832
2019-07-12,114.7697
2019-07-11,114.8381
2019-07-10,115.0906
2019-07-09,115.102
2019-07-08,115.0257
2019-07-05,115.1139
2019-07-03,114.8149
2019-07-02,114.8278
2019-07-01,114.7257
2019-06-28,114.5854
2019-06-27,114.6683
2019-06-26,114.5639
2019-06-25,114.6394
2019-06-24,114.6587
2019-06-21,114.8389
2019-06-20,114.8054
2019-06-19,115.7905
2019-06-18,115.8805
2019-06-17,115.9701
2019-06-14,115.907
2019-06-13,115.6298
2019-06-12,115.4408
2019-06-11,115.3826
2019-06-10,115.5035
2019-06-07,115.7426
2019-06-06,115.9823
2019-06-05,116.0332
2019-06-04,116.094
2019-06-03,116.48
2019-05-31,116.7296
2019-05-30,116.3988
2019-05-29,116.5543
2019-05-28,116.3194
2019-05-24,116.0824
2019-05-23,116.2382
2019-05-22,116.2426
2019-05-21,116.2865
2019-05-20,116.3151
2019-05-17,116.4513
2019-05-16,116.0371
2019-05-15,115.8591
2019-05-14,115.9453
2019-05-13,115.9178
2019-05-10,115.5365
2019-05-09,115.8456
2019-05-08,115.5189
2019-05-07,115.6129
2019-05-06,115.3825
2019-05-03,115.2658
2019-05-02,115.5631
2019-05-01,115.0029
2019-04-30,115.3292
2019-04-29,115.523
2019-04-26,115.4761
2019-04-25,115.771
2019-04-24,115.4192
2019-04-23,115.1586
2019-04-22,114.7701
2019-04-19,114.6977
2019-04-18,114.7073
2019-04-17,114.5153
2019-04-16,114.6774
2019-04-15,114.4961
2019-04-12,114.3537
2019-04-11,114.6307
2019-04-10,114.4271
2019-04-09,114.5326
2019-04-08,114.6899
2019-04-05,114.9732
2019-04-04,114.9707
2019-04-03,114.7222
2019-04-02,115.1175
2019-04-01,114.9365
2019-03-29,115.1379
2019-03-28,115.2599
2019-03-27,115.126
2019-03-26,114.6421
2019-03-25,114.4175
2019-03-22,114.6866
2019-03-21,114.169
2019-03-20,114.152
2019-03-19,114.2338
2019-03-18,114.4398
2019-03-15,114.5842
2019-03-14,114.7925
2019-03-13,114.7397
2019-03-12,114.9404
2019-03-11,115.298
2019-03-08,115.3612
2019-03-07,115.494
2019-03-06,114.9736
2019-03-05,114.805
2019-03-04,114.6937
2019-03-01,114.5388
2019-02-28,114.2005
2019-02-27,114.0371
2019-02-26,114.0695
2019-02-25,114.1455
2019-02-22,114.2718
2019-02-21,114.5101
2019-02-19,114.5702
2019-02-15,114.9918
2019-02-14,115.1002
2019-02-13,114.9406
2019-02-12,114.7297
2019-02-11,115.0305
2019-02-08,114.499
2019-02-07,114.4329
2019-02-06,114.2298
2019-02-05,114.0428
2019-02-04,113.8766
2019-02-01,113.7552
2019-01-31,113.5495
2019-01-30,114.0725
2019-01-29,114.0241
2019-01-28,114.0509
2019-01-25,114.018
2019-01-24,114.6144
2019-01-23,114.575
2019-01-22,114.7528
2019-01-18,114.5563
2019-01-17,114.4095
2019-01-16,114.1341
2019-01-15,114.337
2019-01-11,114.0388
2019-01-10,114.0489
2019-01-09,114.1406
2019-01-08,114.7279
2019-01-07,114.5626
2019-01-04,114.9817
2019-01-03,115.4615
2019-01-02,115.7674
2018-12-31,115.5681
2018-12-28,115.7239
2018-12-27,115.9936
2018-12-26,116.1172
2018-12-24,116.219
2018-12-21,116.2233
2018-12-20,116.0194
2018-12-19,116.0691
2018-12-18,116.4141
2018-12-17,116.4543
2018-12-14,116.7911
2018-12-13,116.3989
2018-12-12,116.2225
2018-12-11,116.7578
2018-12-10,116.6761
2018-12-07,116.0861
2018-12-06,116.4004
2018-12-04,116.0042
2018-12-03,115.9068
2018-11-30,116.414
2018-11-29,116.1973
2018-11-28,116.8349
2018-11-27,116.9008
2018-11-26,116.6216
2018-11-23,116.4717
2018-11-21,116.0927
2018-11-20,116.237
2018-11-19,115.9865
2018-11-16,115.926
2018-11-15,116.3866
2018-11-14,116.4973
2018-11-13,116.6684
2018-11-09,116.477
2018-11-08,115.6473
2018-11-07,115.2515
2018-11-06,115.5616
2018-11-05,115.7022
2018-11-02,115.6422
2018-11-01,115.8648
2018-10-31,116.5271
2018-10-30,116.2351
2018-10-29,115.8926
2018-10-26,115.4716
2018-10-25,115.482
2018-10-24,115.3743
2018-10-23,115.1642
2018-10-22,115.1774
2018-10-19,114.8561
2018-10-18,114.8151
2018-10-17,114.1743
2018-10-16,113.8953
2018-10-15,114.0436
2018-10-12,114.3681
2018-10-11,114.4062
2018-10-10,114.6055
2018-10-09,114.6566
2018-10-05,114.5607
2018-10-04,114.6871
2018-10-03,114.1574
2018-10-02,113.8962
2018-10-01,113.8247
2018-09-28,113.8093
2018-09-27,113.9801
2018-09-26,113.6754
2018-09-25,113.7219
2018-09-24,113.5314
2018-09-21,113.5111
2018-09-20,113.4999
2018-09-19,113.6541
2018-09-18,113.7745
2018-09-17,113.9166
2018-09-14,114.067
2018-09-13,113.9281
2018-09-12,114.2199
2018-09-11,114.7057
2018-09-10,114.6804
2018-09-07,114.5819
2018-09-06,114.6489
2018-09-05,114.7493
2018-09-04,114.86
2018-08-31,114.2768
2018-08-30,114.0918
2018-08-29,113.6482
2018-08-28,113.3469
2018-08-27,113.2744
2018-08-24,113.6009
2018-08-23,114.0948
2018-08-22,113.6646
2018-08-21,113.8617
2018-08-20,114.3513
2018-08-17,114.5346
2018-08-16,114.6422
2018-08-15,115.1527
2018-08-14,114.6582
2018-08-13,114.8515
2018-08-10,114.3013
2018-08-09,113.3819
2018-08-08,113.1424
2018-08-07,112.9772
2018-08-06,113.2299
2018-08-03,113.0131
2018-08-02,113.1692
2018-08-01,112.8916
2018-07-31,112.7318
2018-07-30,112.6061
2018-07-27,112.8141
2018-07-26,112.9194
2018-07-25,112.9236
2018-07-24,113.2061
2018-07-23,113.4266
2018-07-20,113.3236
2018-07-19,113.9491
2018-07-18,113.3377
2018-07-17,113.1533
2018-07-16,112.8465
2018-07-13,113.0733
2018-07-12,112.7818
2018-07-11,112.8608
2018-07-10,112.5821
2018-07-09,112.6455
2018-07-06,112.6454
2018-07-05,112.9785
2018-07-03,113.3247
2018-07-02,114.1701
2018-06-29,113.2614
2018-06-28,113.8431
2018-06-27,113.8998
2018-06-26,113.3039
2018-06-25,113.2886
2018-06-22,113.3073
2018-06-21,113.6136
2018-06-20,113.4812
2018-06-19,113.6417
2018-06-18,113.4931
2018-06-15,113.3413
2018-06-14,112.8629
2018-06-13,112.2615
2018-06-12,112.2172
2018-06-11,112.1142
2018-06-08,112.1103
2018-06-07,112.0773
2018-06-06,111.7567
2018-06-05,112.2675
2018-06-04,111.828
2018-06-01,111.8296
2018-05-31,111.992
2018-05-30,111.6758
2018-05-29,112.2146
2018-05-25,111.5867
2018-05-24,111.491
2018-05-23,111.6958
2018-05-22,111.1974
2018-05-21,111.6426
2018-05-18,111.72
2018-05-17,111.3576
2018-05-16,111.3099
2018-05-15,111.2322
2018-05-14,110.4115
2018-05-11,110.288
2018-05-10,110.4081
2018-05-09,110.8842
2018-05-08,111.0656
2018-05-07,110.575
2018-05-04,110.2529
2018-05-03,110.1832
2018-05-02,110.165
2018-05-01,109.7471
2018-04-30,109.3388
2018-04-27,109.176
2018-04-26,109.3668
2018-04-25,109.347
2018-04-24,108.7932
2018-04-23,108.9353
2018-04-20,108.1809
2018-04-19,107.5217
2018-04-18,107.1114
2018-04-17,107.0355
2018-04-16,107.0606
2018-04-13,107.238
2018-04-12,107.2917
2018-04-11,107.1237
2018-04-10,107.367
2018-04-09,107.5329
2018-04-06,107.7901
2018-04-05,107.7297
2018-04-04,107.6378
2018-04-03,107.564
2018-04-02,107.7049
2018-03-30,107.48
2018-03-29,107.6668
2018-03-28,107.575
2018-03-27,107.3375
2018-03-26,107.183
2018-03-23,107.7504
2018-03-22,107.9942
2018-03-20,108.4965
2018-03-19,108.3157
2018-03-16,108.4347
2018-03-15,108.2048
2018-03-14,107.864
2018-03-13,107.7398
2018-03-12,107.9452
2018-03-09,107.9243
2018-03-08,108.2685
2018-03-07,108.0927
2018-03-06,107.7982
2018-03-05,108.3626
2018-03-01,108.5365
2018-02-28,108.3909
2018-02-27,108.1736
2018-02-26,107.7355
2018-02-23,107.6805
2018-02-22,107.8672
2018-02-21,107.8683
2018-02-20,107.6251
2018-02-16,107.036
2018-02-15,106.9869
2018-02-14,107.4695
2018-02-13,107.7577
2018-02-12,108.0336
2018-02-09,108.2581
2018-02-08,108.3022
2018-02-07,107.7181
2018-02-06,107.5212
2018-02-05,107.3306
2018-02-02,107.1152
2018-02-01,106.4877
2018-01-31,106.7696
2018-01-30,107.1063
2018-01-29,107.1142
2018-01-26,106.691
2018-01-25,106.5056
2018-01-24,107.0806
2018-01-23,107.999
2018-01-22,108.1078
2018-01-19,107.9463
2018-01-18,108.0663
2018-01-17,108.1536
2018-01-16,108.3231
2018-01-12,108.9026
2018-01-11,109.4906
2018-01-10,109.6292
2018-01-09,109.9038
2018-01-08,109.5693
2018-01-05,109.3513
2018-01-04,109.4797
2018-01-03,109.6769
2018-01-02,109.646
2017-12-29,110.0796
2017-12-28,110.5166
2017-12-27,110.8564
2017-12-26,110.9768
2017-12-22,111.1006
2017-12-21,110.8791
2017-12-20,110.8369
2017-12-19,111.1262
2017-12-18,110.909
2017-12-15,111.1286
2017-12-14,111.0898
2017-12-13,111.2761
2017-12-12,111.5214
2017-12-11,111.0825
2017-12-08,111.227
2017-12-07,111.0178
2017-12-06,110.8705
2017-12-05,110.4897
2017-12-04,110.3964
2017-12-01,110.1411
2017-11-30,110.465
2017-11-29,110.326
2017-11-28,110.3006
2017-11-27,110.1127
2017-11-24,110.0244
2017-11-22,110.5621
2017-11-21,110.9816
2017-11-20,111.2592
2017-11-17,111.0008
2017-11-16,111.256
2017-11-15,111.4805
2017-11-14,111.5088
2017-11-13,111.7821
2017-11-09,111.5612
2017-11-08,111.6919
2017-11-07,111.9435
2017-11-06,111.7184
2017-11-03,111.937
2017-11-02,111.546
2017-11-01,111.7939
2017-10-31,111.8051
2017-10-30,111.9004
2017-10-27,112.1486
2017-10-26,111.6411
2017-10-25,111.3903
2017-10-24,111.4017
2017-10-23,111.2124
2017-10-20,111.0362
2017-10-19,110.456
2017-10-18,110.7196
2017-10-17,110.9128
2017-10-16,110.5424
2017-10-13,110.2658
2017-10-12,110.3133
2017-10-11,110.3019
2017-10-10,110.3015
2017-10-06,110.7813
2017-10-05,110.5794
2017-10-04,110.2399
2017-10-03,110.3256
2017-10-02,110.3661
2017-09-29,110.0848
2017-09-28,110.2398
2017-09-27,110.0697
2017-09-26,109.7743
2017-09-25,109.3278
2017-09-22,108.7518
2017-09-21,108.9245
2017-09-20,108.4306
2017-09-19,108.6117
2017-09-18,108.6373
2017-09-15,108.312
2017-09-14,108.6145
2017-09-13,108.6587
2017-09-12,108.3202
2017-09-11,108.1486
2017-09-08,107.8041
2017-09-07,107.918
2017-09-06,108.4855
2017-09-05,108.8624
2017-09-01,109.0462
2017-08-31,109.3646
2017-08-30,109.4017
2017-08-29,109.0914
2017-08-28,109.1779
2017-08-25,109.3371
2017-08-24,109.7478
2017-08-23,109.8049
2017-08-22,109.834
2017-08-21,109.7309
2017-08-18,110.0368
2017-08-17,110.1634
2017-08-16,110.4353
2017-08-15,110.4809
2017-08-14,110.0916
2017-08-11,110.0391
2017-08-10,110.1854
2017-08-09,110.3641
2017-08-08,110.3925
2017-08-07,110.37
2017-08-04,110.2776
2017-08-03,109.8305
2017-08-02,109.7477
2017-08-01,109.8467
2017-07-31,109.8149
2017-07-28,109.9164
2017-07-27,110.2121
2017-07-26,110.3772
2017-07-25,110.2799
2017-07-24,110.1966
2017-07-21,110.1868
2017-07-20,110.247
2017-07-19,110.4296
2017-07-18,110.4316
2017-07-17,110.9264
2017-07-14,110.9034
2017-07-13,111.5321
2017-07-12,111.5861
2017-07-11,112.1398
2017-07-10,112.1551
2017-07-07,112.3104
2017-07-06,112.4174
2017-07-05,112.6509
2017-07-03,112.4242
2017-06-30,111.9871
2017-06-29,111.9955
2017-06-28,112.0716
2017-06-27,112.5467
2017-06-26,112.7595
2017-06-23,112.8629
2017-06-22,113.1615
2017-06-21,113.3292
2017-06-20,113.2658
2017-06-19,112.7535
2017-06-16,112.6117
2017-06-15,112.8673
2017-06-14,112.0699
2017-06-13,112.6235
2017-06-12,112.9806
2017-06-09,112.9533
2017-06-08,112.8332
2017-06-07,112.8175
2017-06-06,112.7077
2017-06-05,112.974
2017-06-02,113.1896
2017-06-01,113.3
2017-05-31,113.2943
2017-05-30,113.5536
2017-05-26,113.4816
2017-05-25,113.3705
2017-05-24,113.6735
2017-05-23,113.6853
2017-05-22,113.5436
2017-05-19,113.6995
2017-05-18,114.2683
2017-05-17,113.7493
2017-05-16,113.9905
2017-05-15,114.3486
2017-05-12,114.7462
2017-05-11,115.0652
2017-05-10,115.113
2017-05-09,115.3923
2017-05-08,115.0888
2017-05-05,114.7719
2017-05-04,114.9069
2017-05-03,114.6623
2017-05-02,114.678
2017-05-01,114.5906
2017-04-28,114.7866
2017-04-27,114.9935
2017-04-26,114.9464
2017-04-25,114.5095
2017-04-24,114.3631
2017-04-21,114.8099
2017-04-20,114.6179
2017-04-19,114.7894
2017-04-18,114.2536
2017-04-17,114.3233
2017-04-14,114.5315
2017-04-13,114.5005
2017-04-12,114.911
2017-04-11,115.0038
2017-04-10,115.1045
2017-04-07,115.0492
2017-04-06,115.0133
2017-04-05,114.9446
2017-04-04,114.999
2017-04-03,114.8685
2017-03-31,114.7893
2017-03-30,114.5195
2017-03-29,114.712
2017-03-28,114.4152
2017-03-27,114.2312
2017-03-24,114.6331
2017-03-23,114.7861
2017-03-22,114.7898
2017-03-21,114.808
2017-03-20,115.0381
2017-03-17,115.274
2017-03-16,115.4412
2017-03-15,116.3537
2017-03-14,116.5601
2017-03-13,116.3961
2017-03-10,116.6116
2017-03-09,116.9916
2017-03-08,116.8701
2017-03-07,116.4254
2017-03-06,116.4265
2017-03-03,116.6391
2017-03-02,116.8387
2017-03-01,116.4339
2017-02-28,115.9997
2017-02-27,115.6723
2017-02-24,115.8104
2017-02-23,115.6487
2017-02-22,116.2097
2017-02-21,116.5889
2017-02-17,116.4003
2017-02-16,116.0035
2017-02-15,116.2127
2017-02-14,116.3914
2017-02-13,116.3395
2017-02-10,116.1449
2017-02-09,116.3034
2017-02-08,116.1361
2017-02-07,116.406
2017-02-06,116.0478
2017-02-03,115.6232
2017-02-02,115.9009
2017-02-01,116.3902
2017-01-31,116.2226
2017-01-30,116.7302
2017-01-27,117.0718
2017-01-26,117.2756
2017-01-25,116.9347
2017-01-24,117.0508
2017-01-23,117.2474
2017-01-19,118.3174
2017-01-18,117.723
2017-01-17,117.264
2017-01-13,117.986
2017-01-12,117.798
2017-01-11,119.0193
2017-01-10,118.536
2017-01-09,118.4082
2017-01-06,118.347
2017-01-05,117.9983
2017-01-04,118.878
2017-01-03,119.0873
2016-12-30,118.344
2016-12-29,118.661
2016-12-28,119.2278
2016-12-27,118.948
2016-12-23,118.783
2016-12-22,118.8183
2016-12-21,118.5784
2016-12-20,118.6274
2016-12-19,118.385
2016-12-16,118.3559
2016-12-15,118.8047
2016-12-14,116.7309
2016-12-13,116.8006
2016-12-12,116.9138
2016-12-09,117.2809
2016-12-08,117.0303
2016-12-07,116.6697
2016-12-06,116.9203
2016-12-05,117.0987
2016-12-02,117.3095
2016-12-01,117.662
2016-11-30,117.7612
2016-11-29,117.6417
2016-11-28,117.7253
2016-11-25,118.0177
2016-11-23,118.0332
2016-11-22,117.4483
2016-11-21,117.4737
2016-11-18,117.5909
2016-11-17,116.8927
2016-11-16,116.8037
2016-11-15,116.7699
2016-11-14,117.2223
2016-11-10,115.9352
2016-11-09,114.6929
2016-11-08,113.2986
2016-11-07,113.5413
2016-11-04,113.5801
2016-11-03,113.7635
2016-11-02,113.9176
2016-11-01,113.9883
2016-10-31,114.0155
2016-10-28,114.0897
2016-10-27,114.1964
2016-10-26,113.8097
2016-10-25,113.6765
2016-10-24,113.8536
2016-10-21,113.898
2016-10-20,113.3998
2016-10-19,113.0512
2016-10-18,113.136
2016-10-17,113.5453
2016-10-14,113.7085
2016-10-13,113.6204
2016-10-12,113.7408
2016-10-11,113.4427
2016-10-07,113.2886
2016-10-06,113.0038
2016-10-05,112.792
2016-10-04,112.6553
2016-10-03,112.5052
2016-09-30,112.2772
2016-09-29,112.2856
2016-09-28,112.6261
2016-09-27,112.5493
2016-09-26,112.7091
2016-09-23,112.7144
2016-09-22,112.257
2016-09-21,112.982
2016-09-20,113.1826
2016-09-19,112.9009
2016-09-16,113.1745
2016-09-15,112.4733
2016-09-14,112.4658
2016-09-13,112.5187
2016-09-12,112.1497
2016-09-09,111.9858
2016-09-08,111.2587
2016-09-07,110.9695
2016-09-06,110.9591
2016-09-02,111.9988
2016-09-01,112.1713
2016-08-31,112.4013
2016-08-30,112.2905
2016-08-29,111.8751
2016-08-26,111.2011
2016-08-25,111.1703
2016-08-24,111.2935
2016-08-23,110.939
2016-08-22,110.9972
2016-08-19,110.8137
2016-08-18,110.3108
2016-08-17,110.9432
2016-08-16,110.4267
2016-08-15,110.9183
